1,2,3,4,session_id
,,,,v9xy2cjxjlbibn9k7trisoiz7ut4z6zg
,,,,ckp64he3cbpcuecq3fe4s1j703onjkyx
,,,,w9lbqruedi415i6bjjrj3gqurhc2s5k8
,,,,ml2248djwjjfnmhtnogm07andg1bautu
,,,,6x67ic8i2mw1qdplpe3ongzfaa18mmqz
,,,,5wppps2wj6es6jedhzog5t99ydoof1hy
,,,,00zcq7eagwebkq2vwal3zid0zzux163a
,,,,sgov4st3cnl8ehpihoqca07s586t03jz
1.0,1.0,1.0,1.0,vvl703hwldeivdyeqngnnf1e31c0gd14
,,,,vdcvzxmicbhtqetbphivmjoaq0zuxlhf
5.0,1.0,1.0,,cj6z6kbsg0ekobha9j52djty8hd5ul9a
,,,,qaq9id1jish995h67u4qychpk00wehub
3.0,3.0,3.0,,okt3swbn96r2qlyabq0xuqbnmfo8vx2x
5.0,4.0,5.0,,cx82dzmijx1odghsde6fdcifw11tpa24
,,,,dnv2rxfj5j7pcnkcljkg1k45z8w2jk05
,,,,dlnud43bzp17agwug79kzcj838qkvlxm
,,,,v2kaqfleip9kz9wki7b29t1z5j61hg0w
,,,,sq99uo8k0beszjpuxg9tv2bpu783zxbu
3.0,3.0,3.0,,0qajx7ft9vrw2vclbv6nbq0ncyx1w0ti
2.0,4.0,2.0,,miw3w3agjaaa9kulb6suxsru8nba4ncm
2.0,3.0,3.0,,0mhawi8vvdei3ui4ummr9hhwzfd7a7h2
5.0,3.0,1.0,,af4wuraif6tmfvabcbrbhoqaqs06xmif
5.0,3.0,3.0,,8kwnt6vflgq2g0gnrtqlj2ol7hza85hg
5.0,4.0,4.0,3.0,2rkpftbzbd37jrj94nqyb8sw51w51rk7
5.0,5.0,5.0,2.0,m0nx6k03l8umyq2r633t41y84wcqm92e
1.0,4.0,1.0,1.0,u0gmy1ab9bhszmnb5euugo013g933j1l
3.0,3.0,3.0,,n9hqpcvwx4av1h165w8yq72k4velian2
,,,,9rhbn4jx7pw4fo1hy8l3pqwlvm95lr6h
3.0,3.0,3.0,1.0,5wi2mmtg5v8v7eqw92ivk15orykabjuv
4.0,1.0,5.0,,5
5.0,4.0,3.0,3.0,1
,,,,lpgee7zhrz3k58ynmvogfq2gzsafu4du
,,,,2rucs83qy2d5pycqhuf3rjk9ewcaf396
,,,,4
,,,,8
